{"cameraMode":{"drawMode":0,"name":"Shaded","section":"Shading Mode"},"sceneLighting":true,"audioPlay":false,"sceneViewState":{"showFog":true,"showMaterialUpdate":false,"showSkybox":true,"showFlares":true,"showImageEffects":true,"showParticleSystems":true},"in2DMode":false,"pivot":{"x":2.8210082054138185,"y":-0.266335666179657,"z":0.1137843132019043},"rotation":{"x":0.0638524740934372,"y":0.008981991559267044,"z":-0.0005755585734732449,"w":0.9979265332221985},"size":4.1569504737854,"orthographic":true}